[{"model": "bridgeUS.customuser", "pk": 7, "fields": {"password": "pbkdf2_sha256$390000$j0Zj6nAdDzkutVfUsf8m2Y$Cq7vR9lTVdNt8tWrSykFiRN7fuhh3VS3Xw7d0tELCu4=", "last_login": "2022-11-26T05:59:52.439Z", "is_superuser": true, "username": "swpp", "first_name": "", "last_name": "", "email": "swpp@snu.ac.kr", "is_staff": true, "is_active": true, "date_joined": "2022-11-05T05:20:26.771Z", "nickname": null, "height": null, "weight": null, "gender": null, "liked_posts": "", "created_at": "2022-11-05T05:20:26.873Z", "updated_at": "2022-11-05T05:20:26.873Z", "groups": [], "user_permissions": []}}, {"model": "bridgeUS.customuser", "pk": 8, "fields": {"password": "pbkdf2_sha256$390000$yirR0JgXZbm4uOznws5pZt$//vRrKuCgfYcnrJaDGa6Lv5v3Ck+wOkGub53I0L1FGc=", "last_login": "2022-12-08T07:00:03.345Z", "is_superuser": false, "username": "user1", "first_name": "", "last_name": "", "email": "", "is_staff": false, "is_active": true, "date_joined": "2022-11-05T05:21:45Z", "nickname": "Alice", "height": 165, "weight": 55, "gender": "Female", "liked_posts": "", "created_at": "2022-11-05T05:21:46.018Z", "updated_at": "2022-11-10T01:08:49.665Z", "groups": [], "user_permissions": []}}, {"model": "bridgeUS.customuser", "pk": 9, "fields": {"password": "pbkdf2_sha256$390000$fcn4RgKD0AGtCbt1bkZysZ$aZqTHLqcXAM0PWFX5KYPGfwar7MdcEEDuNboyxvf3nI=", "last_login": null, "is_superuser": false, "username": "user2", "first_name": "", "last_name": "", "email": "", "is_staff": false, "is_active": true, "date_joined": "2022-11-05T05:21:54Z", "nickname": "James", "height": 180, "weight": 75, "gender": "Male", "liked_posts": "", "created_at": "2022-11-05T05:21:54.279Z", "updated_at": "2022-11-10T01:09:32.866Z", "groups": [], "user_permissions": []}}, {"model": "bridgeUS.customuser", "pk": 10, "fields": {"password": "pbkdf2_sha256$390000$DxmfqVB0Kmd4kCrXomR0OA$zsCIuarLu/z8yhzjFZdpTMxNCNT4IqU0e59k8eeSL2M=", "last_login": null, "is_superuser": false, "username": "user3", "first_name": "", "last_name": "", "email": "", "is_staff": false, "is_active": true, "date_joined": "2022-11-05T05:21:59Z", "nickname": "Nick", "height": 170, "weight": 65, "gender": "Male", "liked_posts": "", "created_at": "2022-11-05T05:21:59.663Z", "updated_at": "2022-11-10T01:09:50.180Z", "groups": [], "user_permissions": []}}, {"model": "bridgeUS.customuser", "pk": 11, "fields": {"password": "pbkdf2_sha256$390000$xUQslVOnavdeacWDSYKIDy$bnTHjD0cVG/UUhptc6/TnOz+GIlp3n+j0ChZBVNbfJI=", "last_login": "2022-11-07T13:37:47Z", "is_superuser": false, "username": "user4", "first_name": "", "last_name": "", "email": "", "is_staff": false, "is_active": true, "date_joined": "2022-11-05T05:22:03Z", "nickname": "StyleNanda", "height": 160, "weight": 55, "gender": "Female", "liked_posts": "", "created_at": "2022-11-05T05:22:03.546Z", "updated_at": "2022-11-10T01:10:20.313Z", "groups": [], "user_permissions": []}}, {"model": "bridgeUS.customuser", "pk": 12, "fields": {"password": "pbkdf2_sha256$390000$G0KXQvfz0A9TNncZKkOJre$9JPWHejRkN0NXZuMFCJhZPR/IzvoiJDkE+UsYlvrCBM=", "last_login": "2022-11-26T05:58:35Z", "is_superuser": false, "username": "user5", "first_name": "", "last_name": "", "email": "", "is_staff": false, "is_active": true, "date_joined": "2022-11-26T05:58:35Z", "nickname": "Lucio", "height": 100, "weight": 100, "gender": "MALE", "liked_posts": "", "created_at": "2022-11-26T05:58:35.625Z", "updated_at": "2022-11-26T05:59:38.867Z", "groups": [], "user_permissions": []}}, {"model": "bridgeUS.customuser", "pk": 13, "fields": {"password": "user6", "last_login": null, "is_superuser": false, "username": "user6", "first_name": "", "last_name": "", "email": "user6@mail.co.kr", "is_staff": false, "is_active": true, "date_joined": "2022-11-26T05:59:53Z", "nickname": "Mercy", "height": 100, "weight": 100, "gender": "MALE", "liked_posts": "", "created_at": "2022-11-26T06:00:36.364Z", "updated_at": "2022-11-26T06:00:36.364Z", "groups": [], "user_permissions": []}}, {"model": "bridgeUS.customuser", "pk": 14, "fields": {"password": "user7", "last_login": null, "is_superuser": false, "username": "user7", "first_name": "", "last_name": "", "email": "user7@user.user", "is_staff": false, "is_active": true, "date_joined": "2022-11-26T06:00:45Z", "nickname": "Sojeon", "height": 1230, "weight": 2303, "gender": "FEMALE", "liked_posts": "", "created_at": "2022-11-26T06:01:20.034Z", "updated_at": "2022-11-26T06:01:20.034Z", "groups": [], "user_permissions": []}}, {"model": "bridgeUS.customuser", "pk": 15, "fields": {"password": "user8", "last_login": null, "is_superuser": false, "username": "user8", "first_name": "", "last_name": "", "email": "", "is_staff": false, "is_active": true, "date_joined": "2022-11-26T06:01:20Z", "nickname": "REAPER", "height": 1023, "weight": 203, "gender": "MALE", "liked_posts": "", "created_at": "2022-11-26T06:01:45.110Z", "updated_at": "2022-11-26T06:01:45.110Z", "groups": [], "user_permissions": []}}, {"model": "bridgeUS.customuser", "pk": 16, "fields": {"password": "user9", "last_login": null, "is_superuser": false, "username": "user9", "first_name": "", "last_name": "", "email": "", "is_staff": false, "is_active": true, "date_joined": "2022-11-26T06:01:45Z", "nickname": "JUNKRAT", "height": 130, "weight": 23, "gender": "MALE", "liked_posts": "", "created_at": "2022-11-26T06:02:03.093Z", "updated_at": "2022-11-26T06:02:03.093Z", "groups": [], "user_permissions": []}}, {"model": "bridgeUS.usershop", "pk": 6, "fields": {"user": 8, "credit": null, "cart": null, "purchased_item": null, "created_at": "2022-11-05T05:21:46.047Z", "updated_at": "2022-11-05T05:21:46.047Z"}}, {"model": "bridgeUS.usershop", "pk": 7, "fields": {"user": 9, "credit": null, "cart": null, "purchased_item": null, "created_at": "2022-11-05T05:21:54.307Z", "updated_at": "2022-11-05T05:21:54.308Z"}}, {"model": "bridgeUS.usershop", "pk": 8, "fields": {"user": 10, "credit": null, "cart": null, "purchased_item": null, "created_at": "2022-11-05T05:21:59.695Z", "updated_at": "2022-11-05T05:21:59.695Z"}}, {"model": "bridgeUS.usershop", "pk": 9, "fields": {"user": 11, "credit": null, "cart": null, "purchased_item": null, "created_at": "2022-11-05T05:22:03.577Z", "updated_at": "2022-11-05T05:22:03.577Z"}}, {"model": "bridgeUS.usershop", "pk": 10, "fields": {"user": 12, "credit": 0.0, "cart": null, "purchased_item": null, "created_at": "2022-11-26T05:58:35.655Z", "updated_at": "2022-11-26T05:58:35.655Z"}}, {"model": "bridgeUS.shopitem", "pk": 1, "fields": {"seller": 11, "name": "Blue Stripe Knitted Sweater", "image": "images/Suga-BTS-Blue-Stripe-Knitted-Sweater19-270x370.jpg", "price": 190.0, "rating": 5.0, "raters": 0, "type": "shirt", "created_at": "2022-11-05T05:23:09.408Z", "updated_at": "2022-11-26T04:08:28.204Z"}}, {"model": "bridgeUS.shopitem", "pk": 2, "fields": {"seller": 9, "name": "Beige Diamond Sweater", "image": "images/Jisoo-BlackPink-Beige-Diamond-Stitched-Sweater13-270x370.jpg", "price": 500.0, "rating": 2.0, "raters": 0, "type": "pants", "created_at": "2022-11-05T05:23:19.438Z", "updated_at": "2022-11-26T04:09:07.619Z"}}, {"model": "bridgeUS.shopitem", "pk": 3, "fields": {"seller": 9, "name": "Black Front Split T-Shirt", "image": "images/Karina-Aespa-Black-Front-Split-T-Shirt-2-270x370.jpg", "price": 1000.0, "rating": 0.0, "raters": 0, "type": "shirt", "created_at": "2022-11-05T05:23:34.154Z", "updated_at": "2022-11-26T04:09:41.362Z"}}, {"model": "bridgeUS.shopitem", "pk": 4, "fields": {"seller": 11, "name": "White Raw Hem Shirt", "image": "images/Winter-Aespa-White-Raw-Hem-Pocket-Shirt-1-270x370.jpg", "price": 500.0, "rating": 3.0, "raters": 0, "type": "shoe", "created_at": "2022-11-05T05:25:13.932Z", "updated_at": "2022-11-26T04:09:59.045Z"}}, {"model": "bridgeUS.shopitem", "pk": 5, "fields": {"seller": 10, "name": "Black Lace Up Multi Sling Dress", "image": "images/Black-Lace-Up-Multi-Sling-Dress-Minnie-GI-DLE-1-600x750.webp", "price": 150.0, "rating": 0.0, "raters": 0, "type": "Dress", "created_at": "2022-11-26T04:13:22.586Z", "updated_at": "2022-11-26T04:13:22.586Z"}}, {"model": "bridgeUS.shopitem", "pk": 6, "fields": {"seller": 9, "name": "Blue Tie Dye Dress", "image": "images/Yuqi-GI-DLE-Blue-Tie-Dye-Dress-2-600x849_b8L9ttV.webp", "price": 300.0, "rating": 0.0, "raters": 0, "type": "Dress", "created_at": "2022-11-26T04:14:19.494Z", "updated_at": "2022-11-26T04:14:19.494Z"}}, {"model": "bridgeUS.shopitem", "pk": 7, "fields": {"seller": 8, "name": "Black Contrast Synthetic Jacket", "image": "images/Giselle-Aespa-Black-Contrast-Synthetic-Leather-Jacket-3-600x832_Kczk3pu.webp", "price": 299.0, "rating": 0.0, "raters": 0, "type": "Jacket", "created_at": "2022-11-26T04:15:12.407Z", "updated_at": "2022-11-26T04:15:12.407Z"}}, {"model": "bridgeUS.shopitem", "pk": 8, "fields": {"seller": 11, "name": "Black Micro Bolero Cardigan", "image": "images/Black-Micro-Bolero-Cardigan-Yuqi-GI-DLE-6-600x737_M2VWPXn.webp", "price": 199.0, "rating": 0.0, "raters": 0, "type": "Cardigan", "created_at": "2022-11-26T04:15:49.890Z", "updated_at": "2022-11-26T04:15:49.890Z"}}, {"model": "bridgeUS.shopitem", "pk": 9, "fields": {"seller": 10, "name": "White Cropped Polo Shirt", "image": "images/Jennie-BlackPink-White-Cropped-Polo-Shirt-13-600x897.webp", "price": 99.0, "rating": 0.0, "raters": 0, "type": "Shirt", "created_at": "2022-11-26T04:23:41.747Z", "updated_at": "2022-11-26T04:23:41.747Z"}}, {"model": "bridgeUS.shopitem", "pk": 10, "fields": {"seller": 8, "name": "Black Skull Face Scarf", "image": "images/Black-Skull-Face-Scarf-Minnie-GI-DLE-2-600x750.webp", "price": 99.0, "rating": 0.0, "raters": 0, "type": "Scarf", "created_at": "2022-11-26T04:26:16.998Z", "updated_at": "2022-11-26T04:26:16.998Z"}}, {"model": "bridgeUS.shopitem", "pk": 11, "fields": {"seller": 9, "name": "Black Denim Belted Shorts", "image": "images/Black-Denim-Belted-Shorts-Yuqi-GIDLE-600x750.webp", "price": 139.0, "rating": 0.0, "raters": 0, "type": "Shorts", "created_at": "2022-11-26T04:27:33.153Z", "updated_at": "2022-11-26T04:27:33.153Z"}}, {"model": "bridgeUS.shopitem", "pk": 12, "fields": {"seller": 9, "name": "Black Denim Bustier Belted Crop Top", "image": "images/Black-Denim-Bustier-Belted-Crop-Top-Yuqi-GI-DLE-2-600x840.webp", "price": 239.0, "rating": 0.0, "raters": 0, "type": "Top", "created_at": "2022-11-26T04:28:50.263Z", "updated_at": "2022-11-26T04:28:50.263Z"}}, {"model": "bridgeUS.shopitem", "pk": 13, "fields": {"seller": 9, "name": "White Floral Ribbed Top", "image": "images/Haerin-NewJeans-White-Floral-Ribbed-Top-2-600x749.webp", "price": 149.0, "rating": 0.0, "raters": 0, "type": "Top", "created_at": "2022-11-26T04:31:17.645Z", "updated_at": "2022-11-26T04:31:17.645Z"}}, {"model": "bridgeUS.shopitem", "pk": 14, "fields": {"seller": 10, "name": "Grey Teddy Bear Sweater", "image": "images/J-Hope-BTS-Grey-Teddy-Bear-Sweater-3-600x800.webp", "price": 179.0, "rating": 0.0, "raters": 0, "type": "sweater", "created_at": "2022-11-26T04:35:44.387Z", "updated_at": "2022-11-26T04:35:44.387Z"}}, {"model": "bridgeUS.shopitem", "pk": 15, "fields": {"seller": 10, "name": "Black Stripe Ruffled Shirt", "image": "images/J-Hope-BTS-Black-Stripe-Ruffled-Shirt-2.webp", "price": 129.0, "rating": 0.0, "raters": 0, "type": "Shirt", "created_at": "2022-11-26T04:37:17.288Z", "updated_at": "2022-11-26T04:37:17.288Z"}}, {"model": "bridgeUS.shopitem", "pk": 16, "fields": {"seller": 9, "name": "White “End Goal” T-Shirt", "image": "images/Black-End-Goal-T-Shirt-Jin-BTS-7-600x795.webp", "price": 119.0, "rating": 0.0, "raters": 0, "type": "Shirt", "created_at": "2022-11-26T04:39:01.180Z", "updated_at": "2022-11-26T04:39:01.180Z"}}, {"model": "bridgeUS.shopitem", "pk": 17, "fields": {"seller": 10, "name": "Yellow Plaid Shirt", "image": "images/Yellow-Plaid-Shirt-Jimin-BTS-9-e1643724893916.webp", "price": 169.0, "rating": 0.0, "raters": 0, "type": "Shirt", "created_at": "2022-11-26T04:46:59.502Z", "updated_at": "2022-11-26T04:49:04.369Z"}}, {"model": "bridgeUS.shopitem", "pk": 18, "fields": {"seller": 10, "name": "Grey Heart Printed Hoodie", "image": "images/Seungmin-Stray-Kids-Grey-Heart-Printed-Hoodie-5-600x625_iY6vJgq.webp", "price": 129.0, "rating": 0.0, "raters": 0, "type": "Hoodie", "created_at": "2022-11-26T05:09:50.694Z", "updated_at": "2022-11-26T05:09:50.694Z"}}, {"model": "bridgeUS.shopitem", "pk": 19, "fields": {"seller": 10, "name": "Creamy White Zigzag Cardigan", "image": "images/Creamy-White-Zigzag-Cardigan-Seungmin-Stray-Kids-13-600x749.webp", "price": 129.0, "rating": 0.0, "raters": 0, "type": "Cardigan", "created_at": "2022-11-26T05:12:55.606Z", "updated_at": "2022-11-26T05:12:55.606Z"}}, {"model": "bridgeUS.shopitem", "pk": 20, "fields": {"seller": 8, "name": "Black Cardigan With White Lining", "image": "images/Jennie-BlackPink-Black-Cardigan-With-White-Lining-2-600x814.webp", "price": 219.0, "rating": 0.0, "raters": 0, "type": "Cardigan", "created_at": "2022-11-26T05:13:50.868Z", "updated_at": "2022-11-26T05:13:50.868Z"}}, {"model": "bridgeUS.shopitem", "pk": 21, "fields": {"seller": 9, "name": "Pastel Pink Striped Cardigan And Top Set", "image": "images/Pastel-Pink-Striped-Cardigan-And-Top-Set-Yuna-ITZY-1-600x750.webp", "price": 329.0, "rating": 0.0, "raters": 0, "type": "Cardigan And Top Set", "created_at": "2022-11-26T05:15:41.056Z", "updated_at": "2022-11-26T05:15:41.056Z"}}, {"model": "bridgeUS.shopitem", "pk": 22, "fields": {"seller": 10, "name": "Lilac Lace Knit Top", "image": "images/Lia-ITZY-Purple-Lace-Knit-Cardigan-1.webp", "price": 179.0, "rating": 0.0, "raters": 0, "type": "Knit", "created_at": "2022-11-26T05:17:14.200Z", "updated_at": "2022-11-26T05:17:14.200Z"}}, {"model": "bridgeUS.shopitem", "pk": 23, "fields": {"seller": 11, "name": "Grey Denim with Front Pocket Skirt", "image": "images/Lia-Grey-Denim-with-Front-Pocket-Skirt-Inspiration-2.webp", "price": 99.0, "rating": 0.0, "raters": 0, "type": "Skirt", "created_at": "2022-11-26T05:20:05.209Z", "updated_at": "2022-11-26T05:20:05.209Z"}}, {"model": "bridgeUS.shopitem", "pk": 24, "fields": {"seller": 9, "name": "Pink Faux Fur Sweater", "image": "images/Pink-Faux-Fur-Sweater-Lia-ITZY-600x750.webp", "price": 229.0, "rating": 0.0, "raters": 0, "type": "Sweater", "created_at": "2022-11-26T05:20:53.713Z", "updated_at": "2022-11-26T05:20:53.713Z"}}, {"model": "bridgeUS.shopitem", "pk": 25, "fields": {"seller": 10, "name": "Black Front-Slit Striped Top", "image": "images/Winter-Aespa-Black-Front-Slit-Striped-Top-3-600x876.webp", "price": 119.0, "rating": 0.0, "raters": 0, "type": "Top", "created_at": "2022-11-26T05:21:48.801Z", "updated_at": "2022-11-26T05:21:48.801Z"}}, {"model": "bridgeUS.shopitem", "pk": 26, "fields": {"seller": 9, "name": "White Halter Long Sleeves Top", "image": "images/White-Halter-Long-Sleeves-Sweater-Karina-Aespa-600x851.webp", "price": 149.0, "rating": 0.0, "raters": 0, "type": "Sweater", "created_at": "2022-11-26T05:23:39.555Z", "updated_at": "2022-11-26T05:23:39.555Z"}}, {"model": "bridgeUS.shopitem", "pk": 27, "fields": {"seller": 9, "name": "Blue Oblique Shoulder Top", "image": "images/Karina-Aespa-Blue-Oblique-Shoulder-Top-2-600x793.webp", "price": 169.0, "rating": 0.0, "raters": 0, "type": "Shoulder Top", "created_at": "2022-11-26T05:24:37.673Z", "updated_at": "2022-11-26T05:24:37.673Z"}}, {"model": "bridgeUS.shopitem", "pk": 28, "fields": {"seller": 10, "name": "Yellow Letter Embroidered Shorts", "image": "images/Ningning-Aespa-Yellow-Letter-Embroidered-Shorts-4.webp", "price": 119.0, "rating": 0.0, "raters": 0, "type": "Shorts", "created_at": "2022-11-26T05:25:20.288Z", "updated_at": "2022-11-26T05:25:20.288Z"}}, {"model": "bridgeUS.shopitem", "pk": 29, "fields": {"seller": 10, "name": "Blue Patchwork Cropped Long Sleeves T-Shirt", "image": "images/Blue-Patchwork-Cropped-Long-Sleeves-T-Shirt-Ningning-Aespa-2-600x750.webp", "price": 159.0, "rating": 0.0, "raters": 0, "type": "T-shirt", "created_at": "2022-11-26T05:26:16.554Z", "updated_at": "2022-11-26T05:26:16.554Z"}}, {"model": "bridgeUS.shopitem", "pk": 30, "fields": {"seller": 11, "name": "Black Mini Fox Long Sleeves T-Shirt", "image": "images/Black-Mini-Fox-Long-Sleeves-T-Shirt-Giselle-Aespa-1-600x751.webp", "price": 299.0, "rating": 0.0, "raters": 0, "type": "T-Shirt", "created_at": "2022-11-26T05:29:53.562Z", "updated_at": "2022-11-26T05:29:53.562Z"}}, {"model": "bridgeUS.shopitemdetail", "pk": 1, "fields": {"main_item": 1, "color": "black", "size": "L", "left_amount": 5, "created_at": "2022-11-05T05:25:37.850Z", "updated_at": "2022-11-05T05:25:37.850Z"}}, {"model": "bridgeUS.shopitemdetail", "pk": 2, "fields": {"main_item": 1, "color": "white", "size": "XXL", "left_amount": 3, "created_at": "2022-11-05T05:25:47.121Z", "updated_at": "2022-11-05T05:25:47.121Z"}}, {"model": "bridgeUS.shopitemdetail", "pk": 3, "fields": {"main_item": 2, "color": "pink", "size": "L", "left_amount": 5, "created_at": "2022-11-05T05:25:57.035Z", "updated_at": "2022-11-05T05:25:57.035Z"}}, {"model": "bridgeUS.shopitemdetail", "pk": 4, "fields": {"main_item": 2, "color": "purple", "size": "S", "left_amount": 40, "created_at": "2022-11-05T05:26:08.133Z", "updated_at": "2022-11-05T05:26:08.133Z"}}, {"model": "bridgeUS.shopitemdetail", "pk": 5, "fields": {"main_item": 3, "color": "brown", "size": "M", "left_amount": 30, "created_at": "2022-11-05T05:26:17.489Z", "updated_at": "2022-11-05T05:26:17.489Z"}}, {"model": "bridgeUS.shopitemdetail", "pk": 6, "fields": {"main_item": 3, "color": "green", "size": "XXL", "left_amount": 10, "created_at": "2022-11-05T05:26:26.386Z", "updated_at": "2022-11-05T05:26:26.386Z"}}, {"model": "bridgeUS.shopitemdetail", "pk": 7, "fields": {"main_item": 4, "color": "blue", "size": "280", "left_amount": 10, "created_at": "2022-11-05T05:26:49.435Z", "updated_at": "2022-11-05T05:26:49.435Z"}}, {"model": "bridgeUS.shopitemdetail", "pk": 8, "fields": {"main_item": 4, "color": "skyblue", "size": "230", "left_amount": 10, "created_at": "2022-11-05T05:27:00.620Z", "updated_at": "2022-11-05T05:27:00.620Z"}}, {"model": "bridgeUS.userorder", "pk": 6, "fields": {"user": 8, "ordered_item": 3, "color": "Black", "size": "M", "single_price": 1000, "fast_shipping": true, "ordered_amount": 2, "order_status": 0, "created_at": "2022-12-08T07:00:16.281Z", "updated_at": "2022-12-08T07:00:16.281Z"}}, {"model": "bridgeUS.review", "pk": 1, "fields": {"title": "amazing clothes", "content": "wow this cloth is soooo good", "author": 10, "review_item": 1, "image": "images/review_1.webp", "rating": 4, "likes": 15, "created_at": "2022-11-05T05:34:13.948Z", "updated_at": "2022-11-26T05:42:34.990Z"}}, {"model": "bridgeUS.review", "pk": 2, "fields": {"title": "this is a bit too expensive", "content": "this is 1000$.. i cant believe it", "author": 8, "review_item": 3, "image": "images/review_shopitem_3_1.webp", "rating": 2, "likes": 3, "created_at": "2022-11-05T05:34:42.936Z", "updated_at": "2022-11-26T05:50:35.850Z"}}, {"model": "bridgeUS.review", "pk": 3, "fields": {"title": "wow", "content": "amazing", "author": 9, "review_item": 4, "image": "images/review_shopItem_4.webp", "rating": 3, "likes": 1, "created_at": "2022-11-12T06:41:57.616Z", "updated_at": "2022-11-26T05:46:13.313Z"}}, {"model": "bridgeUS.review", "pk": 4, "fields": {"title": "amazzing", "content": "good good", "author": 11, "review_item": 4, "image": "images/review_shopitem_4_2.webp", "rating": 4, "likes": 1, "created_at": "2022-11-12T06:42:15.049Z", "updated_at": "2022-11-26T05:50:47.654Z"}}, {"model": "bridgeUS.review", "pk": 5, "fields": {"title": "zz", "content": "great", "author": 10, "review_item": 3, "image": "images/review_shopitem_3_2.webp", "rating": 2, "likes": 1, "created_at": "2022-11-12T06:42:31.914Z", "updated_at": "2022-11-26T05:51:01.404Z"}}, {"model": "bridgeUS.review", "pk": 6, "fields": {"title": "good good", "content": "test", "author": 10, "review_item": 1, "image": "images/review_2.webp", "rating": 4, "likes": 1, "created_at": "2022-11-12T06:46:16.720Z", "updated_at": "2022-11-26T05:44:21.157Z"}}, {"model": "bridgeUS.review", "pk": 7, "fields": {"title": "nice", "content": "amazing", "author": 10, "review_item": 2, "image": "images/review_shopitem_2_1.webp", "rating": 3, "likes": 1, "created_at": "2022-11-12T06:46:31.797Z", "updated_at": "2022-11-26T05:47:31.705Z"}}, {"model": "bridgeUS.review", "pk": 8, "fields": {"title": "Nice Fit!", "content": "This cloth is amazing", "author": 15, "review_item": 5, "image": "images/review_5.webp", "rating": 5, "likes": 0, "created_at": "2022-11-26T06:02:32.553Z", "updated_at": "2022-11-26T06:02:32.553Z"}}, {"model": "bridgeUS.review", "pk": 9, "fields": {"title": "Perfect", "content": "This is amazing", "author": 16, "review_item": 6, "image": "images/review_6.webp", "rating": 5, "likes": 0, "created_at": "2022-11-26T06:02:59.290Z", "updated_at": "2022-11-26T06:02:59.290Z"}}, {"model": "bridgeUS.review", "pk": 10, "fields": {"title": "This is so sexy", "content": "Wow haha", "author": 14, "review_item": 8, "image": "images/review_8.webp", "rating": 5, "likes": 0, "created_at": "2022-11-26T06:03:32.363Z", "updated_at": "2022-11-26T06:03:32.364Z"}}, {"model": "bridgeUS.review", "pk": 11, "fields": {"title": "How good it is", "content": "I cant believe it", "author": 13, "review_item": 7, "image": "images/review_7.webp", "rating": 5, "likes": 0, "created_at": "2022-11-26T06:03:59.608Z", "updated_at": "2022-11-26T06:03:59.608Z"}}, {"model": "bridgeUS.review", "pk": 12, "fields": {"title": "This cloth is perfect", "content": "You should buy one now!", "author": 12, "review_item": 9, "image": "images/review_9.webp", "rating": 5, "likes": 0, "created_at": "2022-11-26T06:05:19.595Z", "updated_at": "2022-11-26T06:05:19.595Z"}}, {"model": "bridgeUS.comment", "pk": 1, "fields": {"review": 1, "content": "oh it looks good", "author": 10, "created_at": "2022-11-05T05:35:00.412Z", "updated_at": "2022-11-05T05:35:00.412Z"}}, {"model": "bridgeUS.comment", "pk": 2, "fields": {"review": 1, "content": "thank you hahaha", "author": 8, "created_at": "2022-11-05T05:35:11.359Z", "updated_at": "2022-11-05T05:35:11.359Z"}}, {"model": "bridgeUS.comment", "pk": 3, "fields": {"review": 2, "content": "oh my god", "author": 8, "created_at": "2022-11-05T05:35:17.040Z", "updated_at": "2022-11-05T05:35:17.040Z"}}, {"model": "bridgeUS.comment", "pk": 4, "fields": {"review": 2, "content": "this is insane lol", "author": 10, "created_at": "2022-11-05T05:35:24.871Z", "updated_at": "2022-11-05T05:35:24.871Z"}}, {"model": "bridgeUS.comment", "pk": 5, "fields": {"review": 2, "content": "i agree with you", "author": 11, "created_at": "2022-11-05T05:35:33.364Z", "updated_at": "2022-11-05T05:35:33.364Z"}}, {"model": "bridgeUS.comment", "pk": 6, "fields": {"review": 7, "content": "asfdsadf", "author": 8, "created_at": "2022-11-19T07:12:45.459Z", "updated_at": "2022-11-19T07:12:45.459Z"}}, {"model": "bridgeUS.comment", "pk": 8, "fields": {"review": 1, "content": "sdfsafdsf", "author": 8, "created_at": "2022-11-19T07:21:15.614Z", "updated_at": "2022-11-19T07:21:15.614Z"}}, {"model": "bridgeUS.comment", "pk": 9, "fields": {"review": 1, "content": "sdfsafdsfsadfsafd", "author": 8, "created_at": "2022-11-19T07:21:17.893Z", "updated_at": "2022-11-19T07:21:17.893Z"}}, {"model": "bridgeUS.comment", "pk": 10, "fields": {"review": 1, "content": "sdfsafdsfsadfsafdasdfsdfs", "author": 8, "created_at": "2022-11-19T07:21:19.761Z", "updated_at": "2022-11-19T07:21:19.761Z"}}, {"model": "bridgeUS.comment", "pk": 11, "fields": {"review": 7, "content": "sdfafsaf", "author": 8, "created_at": "2022-11-19T08:05:59.339Z", "updated_at": "2022-11-19T08:05:59.339Z"}}, {"model": "bridgeUS.comment", "pk": 12, "fields": {"review": 7, "content": "sdfafsafsadfsadf", "author": 8, "created_at": "2022-11-19T08:06:01.138Z", "updated_at": "2022-11-19T08:06:01.138Z"}}, {"model": "bridgeUS.comment", "pk": 13, "fields": {"review": 7, "content": "sdfafsafsadfsadfasdfsafd", "author": 8, "created_at": "2022-11-19T08:06:02.701Z", "updated_at": "2022-11-19T08:06:02.701Z"}}, {"model": "bridgeUS.comment", "pk": 14, "fields": {"review": 7, "content": "sdfafsafsadfsadfasdfsafdasdfsadf", "author": 8, "created_at": "2022-11-19T08:06:04.027Z", "updated_at": "2022-11-19T08:06:04.027Z"}}, {"model": "admin.logentry", "pk": 7, "fields": {"action_time": "2022-11-05T05:23:09.434Z", "user": 7, "content_type": 2, "object_id": "1", "object_repr": "ShopItem object (1)", "action_flag": 1, "change_message": "[{\"added\": {}}]"}}, {"model": "admin.logentry", "pk": 8, "fields": {"action_time": "2022-11-05T05:23:19.471Z", "user": 7, "content_type": 2, "object_id": "2", "object_repr": "ShopItem object (2)", "action_flag": 1, "change_message": "[{\"added\": {}}]"}}, {"model": "admin.logentry", "pk": 9, "fields": {"action_time": "2022-11-05T05:23:34.183Z", "user": 7, "content_type": 2, "object_id": "3", "object_repr": "ShopItem object (3)", "action_flag": 1, "change_message": "[{\"added\": {}}]"}}, {"model": "admin.logentry", "pk": 10, "fields": {"action_time": "2022-11-05T05:25:13.963Z", "user": 7, "content_type": 2, "object_id": "4", "object_repr": "ShopItem object (4)", "action_flag": 1, "change_message": "[{\"added\": {}}]"}}, {"model": "admin.logentry", "pk": 11, "fields": {"action_time": "2022-11-05T05:25:37.875Z", "user": 7, "content_type": 4, "object_id": "1", "object_repr": "ShopItemDetail object (1)", "action_flag": 1, "change_message": "[{\"added\": {}}]"}}, {"model": "admin.logentry", "pk": 12, "fields": {"action_time": "2022-11-05T05:25:47.148Z", "user": 7, "content_type": 4, "object_id": "2", "object_repr": "ShopItemDetail object (2)", "action_flag": 1, "change_message": "[{\"added\": {}}]"}}, {"model": "admin.logentry", "pk": 13, "fields": {"action_time": "2022-11-05T05:25:57.062Z", "user": 7, "content_type": 4, "object_id": "3", "object_repr": "ShopItemDetail object (3)", "action_flag": 1, "change_message": "[{\"added\": {}}]"}}, {"model": "admin.logentry", "pk": 14, "fields": {"action_time": "2022-11-05T05:26:08.160Z", "user": 7, "content_type": 4, "object_id": "4", "object_repr": "ShopItemDetail object (4)", "action_flag": 1, "change_message": "[{\"added\": {}}]"}}, {"model": "admin.logentry", "pk": 15, "fields": {"action_time": "2022-11-05T05:26:17.514Z", "user": 7, "content_type": 4, "object_id": "5", "object_repr": "ShopItemDetail object (5)", "action_flag": 1, "change_message": "[{\"added\": {}}]"}}, {"model": "admin.logentry", "pk": 16, "fields": {"action_time": "2022-11-05T05:26:26.412Z", "user": 7, "content_type": 4, "object_id": "6", "object_repr": "ShopItemDetail object (6)", "action_flag": 1, "change_message": "[{\"added\": {}}]"}}, {"model": "admin.logentry", "pk": 17, "fields": {"action_time": "2022-11-05T05:26:49.461Z", "user": 7, "content_type": 4, "object_id": "7", "object_repr": "ShopItemDetail object (7)", "action_flag": 1, "change_message": "[{\"added\": {}}]"}}, {"model": "admin.logentry", "pk": 18, "fields": {"action_time": "2022-11-05T05:27:00.646Z", "user": 7, "content_type": 4, "object_id": "8", "object_repr": "ShopItemDetail object (8)", "action_flag": 1, "change_message": "[{\"added\": {}}]"}}, {"model": "admin.logentry", "pk": 19, "fields": {"action_time": "2022-11-05T05:34:13.979Z", "user": 7, "content_type": 5, "object_id": "1", "object_repr": "Review object (1)", "action_flag": 1, "change_message": "[{\"added\": {}}]"}}, {"model": "admin.logentry", "pk": 20, "fields": {"action_time": "2022-11-05T05:34:42.972Z", "user": 7, "content_type": 5, "object_id": "2", "object_repr": "Review object (2)", "action_flag": 1, "change_message": "[{\"added\": {}}]"}}, {"model": "admin.logentry", "pk": 21, "fields": {"action_time": "2022-11-05T05:35:00.443Z", "user": 7, "content_type": 6, "object_id": "1", "object_repr": "Comment object (1)", "action_flag": 1, "change_message": "[{\"added\": {}}]"}}, {"model": "admin.logentry", "pk": 22, "fields": {"action_time": "2022-11-05T05:35:11.392Z", "user": 7, "content_type": 6, "object_id": "2", "object_repr": "Comment object (2)", "action_flag": 1, "change_message": "[{\"added\": {}}]"}}, {"model": "admin.logentry", "pk": 23, "fields": {"action_time": "2022-11-05T05:35:17.076Z", "user": 7, "content_type": 6, "object_id": "3", "object_repr": "Comment object (3)", "action_flag": 1, "change_message": "[{\"added\": {}}]"}}, {"model": "admin.logentry", "pk": 24, "fields": {"action_time": "2022-11-05T05:35:24.906Z", "user": 7, "content_type": 6, "object_id": "4", "object_repr": "Comment object (4)", "action_flag": 1, "change_message": "[{\"added\": {}}]"}}, {"model": "admin.logentry", "pk": 25, "fields": {"action_time": "2022-11-05T05:35:33.401Z", "user": 7, "content_type": 6, "object_id": "5", "object_repr": "Comment object (5)", "action_flag": 1, "change_message": "[{\"added\": {}}]"}}, {"model": "admin.logentry", "pk": 26, "fields": {"action_time": "2022-11-05T06:48:35.738Z", "user": 7, "content_type": 12, "object_id": "1", "object_repr": "UserOrder object (1)", "action_flag": 1, "change_message": "[{\"added\": {}}]"}}, {"model": "admin.logentry", "pk": 27, "fields": {"action_time": "2022-11-05T06:48:54.754Z", "user": 7, "content_type": 12, "object_id": "2", "object_repr": "UserOrder object (2)", "action_flag": 1, "change_message": "[{\"added\": {}}]"}}, {"model": "admin.logentry", "pk": 28, "fields": {"action_time": "2022-11-05T06:49:02.307Z", "user": 7, "content_type": 12, "object_id": "3", "object_repr": "UserOrder object (3)", "action_flag": 1, "change_message": "[{\"added\": {}}]"}}, {"model": "admin.logentry", "pk": 29, "fields": {"action_time": "2022-11-05T06:49:09.557Z", "user": 7, "content_type": 12, "object_id": "4", "object_repr": "UserOrder object (4)", "action_flag": 1, "change_message": "[{\"added\": {}}]"}}, {"model": "admin.logentry", "pk": 30, "fields": {"action_time": "2022-11-05T07:04:37.413Z", "user": 7, "content_type": 2, "object_id": "4", "object_repr": "ShopItem object (4)", "action_flag": 2, "change_message": "[{\"changed\": {\"fields\": [\"Name\", \"Image url\"]}}]"}}, {"model": "admin.logentry", "pk": 31, "fields": {"action_time": "2022-11-05T07:04:44.270Z", "user": 7, "content_type": 2, "object_id": "3", "object_repr": "ShopItem object (3)", "action_flag": 2, "change_message": "[{\"changed\": {\"fields\": [\"Name\", \"Image url\"]}}]"}}, {"model": "admin.logentry", "pk": 32, "fields": {"action_time": "2022-11-05T07:04:51.716Z", "user": 7, "content_type": 2, "object_id": "2", "object_repr": "ShopItem object (2)", "action_flag": 2, "change_message": "[{\"changed\": {\"fields\": [\"Name\", \"Image url\"]}}]"}}, {"model": "admin.logentry", "pk": 33, "fields": {"action_time": "2022-11-05T07:04:59.485Z", "user": 7, "content_type": 2, "object_id": "1", "object_repr": "ShopItem object (1)", "action_flag": 2, "change_message": "[{\"changed\": {\"fields\": [\"Name\", \"Image url\"]}}]"}}, {"model": "admin.logentry", "pk": 34, "fields": {"action_time": "2022-11-09T03:06:09.869Z", "user": 7, "content_type": 2, "object_id": "1", "object_repr": "ShopItem object (1)", "action_flag": 2, "change_message": "[{\"changed\": {\"fields\": [\"Image url\"]}}]"}}, {"model": "admin.logentry", "pk": 35, "fields": {"action_time": "2022-11-09T03:07:20.835Z", "user": 7, "content_type": 2, "object_id": "2", "object_repr": "ShopItem object (2)", "action_flag": 2, "change_message": "[{\"changed\": {\"fields\": [\"Image url\"]}}]"}}, {"model": "admin.logentry", "pk": 36, "fields": {"action_time": "2022-11-09T03:09:08.974Z", "user": 7, "content_type": 2, "object_id": "3", "object_repr": "ShopItem object (3)", "action_flag": 2, "change_message": "[{\"changed\": {\"fields\": [\"Image url\"]}}]"}}, {"model": "admin.logentry", "pk": 37, "fields": {"action_time": "2022-11-09T03:09:53.659Z", "user": 7, "content_type": 2, "object_id": "4", "object_repr": "ShopItem object (4)", "action_flag": 2, "change_message": "[{\"changed\": {\"fields\": [\"Image url\"]}}]"}}, {"model": "admin.logentry", "pk": 38, "fields": {"action_time": "2022-11-09T22:58:27.621Z", "user": 7, "content_type": 5, "object_id": "1", "object_repr": "[4] wow this cloth is soooo good (user1)", "action_flag": 2, "change_message": "[{\"changed\": {\"fields\": [\"Image url\", \"Rating\", \"Likes\"]}}]"}}, {"model": "admin.logentry", "pk": 39, "fields": {"action_time": "2022-11-09T22:58:53.642Z", "user": 7, "content_type": 2, "object_id": "1", "object_repr": "ShopItem object (1)", "action_flag": 2, "change_message": "[{\"changed\": {\"fields\": [\"Image url\"]}}]"}}, {"model": "admin.logentry", "pk": 40, "fields": {"action_time": "2022-11-09T23:01:36.699Z", "user": 7, "content_type": 5, "object_id": "2", "object_repr": "[2] this is 1000$.. i cant believe it (user3)", "action_flag": 2, "change_message": "[{\"changed\": {\"fields\": [\"Image url\", \"Rating\", \"Likes\"]}}]"}}, {"model": "admin.logentry", "pk": 41, "fields": {"action_time": "2022-11-09T23:05:31.437Z", "user": 7, "content_type": 5, "object_id": "2", "object_repr": "[2] this is 1000$.. i cant believe it (user3)", "action_flag": 2, "change_message": "[{\"changed\": {\"fields\": [\"Image url\"]}}]"}}, {"model": "admin.logentry", "pk": 42, "fields": {"action_time": "2022-11-10T00:00:19.066Z", "user": 7, "content_type": 2, "object_id": "1", "object_repr": "ShopItem object (1)", "action_flag": 2, "change_message": "[{\"changed\": {\"fields\": [\"Name\"]}}]"}}, {"model": "admin.logentry", "pk": 43, "fields": {"action_time": "2022-11-10T00:01:41.573Z", "user": 7, "content_type": 2, "object_id": "2", "object_repr": "ShopItem object (2)", "action_flag": 2, "change_message": "[{\"changed\": {\"fields\": [\"Name\"]}}]"}}, {"model": "admin.logentry", "pk": 44, "fields": {"action_time": "2022-11-10T00:02:25.659Z", "user": 7, "content_type": 2, "object_id": "3", "object_repr": "ShopItem object (3)", "action_flag": 2, "change_message": "[{\"changed\": {\"fields\": [\"Name\"]}}]"}}, {"model": "admin.logentry", "pk": 45, "fields": {"action_time": "2022-11-10T00:02:39.279Z", "user": 7, "content_type": 2, "object_id": "4", "object_repr": "ShopItem object (4)", "action_flag": 2, "change_message": "[{\"changed\": {\"fields\": [\"Name\"]}}]"}}, {"model": "admin.logentry", "pk": 46, "fields": {"action_time": "2022-11-10T00:02:54.141Z", "user": 7, "content_type": 2, "object_id": "1", "object_repr": "ShopItem object (1)", "action_flag": 2, "change_message": "[{\"changed\": {\"fields\": [\"Name\"]}}]"}}, {"model": "admin.logentry", "pk": 47, "fields": {"action_time": "2022-11-10T00:03:01.320Z", "user": 7, "content_type": 2, "object_id": "2", "object_repr": "ShopItem object (2)", "action_flag": 2, "change_message": "[{\"changed\": {\"fields\": [\"Name\"]}}]"}}, {"model": "admin.logentry", "pk": 48, "fields": {"action_time": "2022-11-10T01:05:04.047Z", "user": 7, "content_type": 2, "object_id": "1", "object_repr": "ShopItem object (1)", "action_flag": 2, "change_message": "[{\"changed\": {\"fields\": [\"Price\"]}}]"}}, {"model": "admin.logentry", "pk": 49, "fields": {"action_time": "2022-11-10T01:07:09.292Z", "user": 7, "content_type": 5, "object_id": "1", "object_repr": "[4] wow this cloth is soooo good (user3)", "action_flag": 2, "change_message": "[{\"changed\": {\"fields\": [\"Author\"]}}]"}}, {"model": "admin.logentry", "pk": 50, "fields": {"action_time": "2022-11-10T01:07:14.484Z", "user": 7, "content_type": 5, "object_id": "2", "object_repr": "[2] this is 1000$.. i cant believe it (user1)", "action_flag": 2, "change_message": "[{\"changed\": {\"fields\": [\"Author\"]}}]"}}, {"model": "admin.logentry", "pk": 51, "fields": {"action_time": "2022-11-10T01:08:10.302Z", "user": 7, "content_type": 1, "object_id": "8", "object_repr": "user1", "action_flag": 2, "change_message": "[{\"changed\": {\"fields\": [\"Nickname\", \"Height\", \"Weight\", \"Gender\"]}}]"}}, {"model": "admin.logentry", "pk": 52, "fields": {"action_time": "2022-11-10T01:08:49.668Z", "user": 7, "content_type": 1, "object_id": "8", "object_repr": "user1", "action_flag": 2, "change_message": "[]"}}, {"model": "admin.logentry", "pk": 53, "fields": {"action_time": "2022-11-10T01:09:32.871Z", "user": 7, "content_type": 1, "object_id": "9", "object_repr": "user2", "action_flag": 2, "change_message": "[{\"changed\": {\"fields\": [\"Nickname\", \"Height\", \"Weight\", \"Gender\"]}}]"}}, {"model": "admin.logentry", "pk": 54, "fields": {"action_time": "2022-11-10T01:09:50.183Z", "user": 7, "content_type": 1, "object_id": "10", "object_repr": "user3", "action_flag": 2, "change_message": "[{\"changed\": {\"fields\": [\"Nickname\", \"Height\", \"Weight\", \"Gender\"]}}]"}}, {"model": "admin.logentry", "pk": 55, "fields": {"action_time": "2022-11-10T01:10:20.317Z", "user": 7, "content_type": 1, "object_id": "11", "object_repr": "user4", "action_flag": 2, "change_message": "[{\"changed\": {\"fields\": [\"Nickname\", \"Height\", \"Weight\", \"Gender\"]}}]"}}, {"model": "admin.logentry", "pk": 56, "fields": {"action_time": "2022-11-10T01:11:01.895Z", "user": 7, "content_type": 2, "object_id": "1", "object_repr": "ShopItem object (1)", "action_flag": 2, "change_message": "[{\"changed\": {\"fields\": [\"Seller\"]}}]"}}, {"model": "admin.logentry", "pk": 57, "fields": {"action_time": "2022-11-10T01:11:21.850Z", "user": 7, "content_type": 2, "object_id": "3", "object_repr": "ShopItem object (3)", "action_flag": 2, "change_message": "[{\"changed\": {\"fields\": [\"Seller\"]}}]"}}, {"model": "admin.logentry", "pk": 58, "fields": {"action_time": "2022-11-10T01:11:42.499Z", "user": 7, "content_type": 2, "object_id": "3", "object_repr": "ShopItem object (3)", "action_flag": 2, "change_message": "[{\"changed\": {\"fields\": [\"Price\"]}}]"}}, {"model": "admin.logentry", "pk": 59, "fields": {"action_time": "2022-11-10T01:22:10.375Z", "user": 7, "content_type": 2, "object_id": "2", "object_repr": "ShopItem object (2)", "action_flag": 2, "change_message": "[{\"changed\": {\"fields\": [\"Name\"]}}]"}}, {"model": "admin.logentry", "pk": 60, "fields": {"action_time": "2022-11-10T01:22:15.272Z", "user": 7, "content_type": 2, "object_id": "4", "object_repr": "ShopItem object (4)", "action_flag": 2, "change_message": "[{\"changed\": {\"fields\": [\"Name\"]}}]"}}, {"model": "admin.logentry", "pk": 61, "fields": {"action_time": "2022-11-12T06:41:57.649Z", "user": 7, "content_type": 5, "object_id": "3", "object_repr": "Review object (3)", "action_flag": 1, "change_message": "[{\"added\": {}}]"}}, {"model": "admin.logentry", "pk": 62, "fields": {"action_time": "2022-11-12T06:42:15.082Z", "user": 7, "content_type": 5, "object_id": "4", "object_repr": "Review object (4)", "action_flag": 1, "change_message": "[{\"added\": {}}]"}}, {"model": "admin.logentry", "pk": 63, "fields": {"action_time": "2022-11-12T06:42:31.947Z", "user": 7, "content_type": 5, "object_id": "5", "object_repr": "Review object (5)", "action_flag": 1, "change_message": "[{\"added\": {}}]"}}, {"model": "admin.logentry", "pk": 64, "fields": {"action_time": "2022-11-12T06:46:16.744Z", "user": 7, "content_type": 5, "object_id": "6", "object_repr": "Review object (6)", "action_flag": 1, "change_message": "[{\"added\": {}}]"}}, {"model": "admin.logentry", "pk": 65, "fields": {"action_time": "2022-11-12T06:46:31.824Z", "user": 7, "content_type": 5, "object_id": "7", "object_repr": "Review object (7)", "action_flag": 1, "change_message": "[{\"added\": {}}]"}}, {"model": "admin.logentry", "pk": 66, "fields": {"action_time": "2022-11-26T04:08:28.250Z", "user": 7, "content_type": 2, "object_id": "1", "object_repr": "ShopItem object (1)", "action_flag": 2, "change_message": "[{\"changed\": {\"fields\": [\"Image\", \"Tags\"]}}]"}}, {"model": "admin.logentry", "pk": 67, "fields": {"action_time": "2022-11-26T04:09:07.667Z", "user": 7, "content_type": 2, "object_id": "2", "object_repr": "ShopItem object (2)", "action_flag": 2, "change_message": "[{\"changed\": {\"fields\": [\"Image\", \"Tags\"]}}]"}}, {"model": "admin.logentry", "pk": 68, "fields": {"action_time": "2022-11-26T04:09:41.414Z", "user": 7, "content_type": 2, "object_id": "3", "object_repr": "ShopItem object (3)", "action_flag": 2, "change_message": "[{\"changed\": {\"fields\": [\"Image\", \"Type\", \"Tags\"]}}]"}}, {"model": "admin.logentry", "pk": 69, "fields": {"action_time": "2022-11-26T04:09:59.092Z", "user": 7, "content_type": 2, "object_id": "4", "object_repr": "ShopItem object (4)", "action_flag": 2, "change_message": "[{\"changed\": {\"fields\": [\"Image\", \"Tags\"]}}]"}}, {"model": "admin.logentry", "pk": 70, "fields": {"action_time": "2022-11-26T04:13:22.641Z", "user": 7, "content_type": 2, "object_id": "5", "object_repr": "ShopItem object (5)", "action_flag": 1, "change_message": "[{\"added\": {}}]"}}, {"model": "admin.logentry", "pk": 71, "fields": {"action_time": "2022-11-26T04:14:19.549Z", "user": 7, "content_type": 2, "object_id": "6", "object_repr": "ShopItem object (6)", "action_flag": 1, "change_message": "[{\"added\": {}}]"}}, {"model": "admin.logentry", "pk": 72, "fields": {"action_time": "2022-11-26T04:15:12.464Z", "user": 7, "content_type": 2, "object_id": "7", "object_repr": "ShopItem object (7)", "action_flag": 1, "change_message": "[{\"added\": {}}]"}}, {"model": "admin.logentry", "pk": 73, "fields": {"action_time": "2022-11-26T04:15:49.942Z", "user": 7, "content_type": 2, "object_id": "8", "object_repr": "ShopItem object (8)", "action_flag": 1, "change_message": "[{\"added\": {}}]"}}, {"model": "admin.logentry", "pk": 74, "fields": {"action_time": "2022-11-26T04:23:41.799Z", "user": 7, "content_type": 2, "object_id": "9", "object_repr": "ShopItem object (9)", "action_flag": 1, "change_message": "[{\"added\": {}}]"}}, {"model": "admin.logentry", "pk": 75, "fields": {"action_time": "2022-11-26T04:26:17.044Z", "user": 7, "content_type": 2, "object_id": "10", "object_repr": "ShopItem object (10)", "action_flag": 1, "change_message": "[{\"added\": {}}]"}}, {"model": "admin.logentry", "pk": 76, "fields": {"action_time": "2022-11-26T04:27:33.201Z", "user": 7, "content_type": 2, "object_id": "11", "object_repr": "ShopItem object (11)", "action_flag": 1, "change_message": "[{\"added\": {}}]"}}, {"model": "admin.logentry", "pk": 77, "fields": {"action_time": "2022-11-26T04:28:50.310Z", "user": 7, "content_type": 2, "object_id": "12", "object_repr": "ShopItem object (12)", "action_flag": 1, "change_message": "[{\"added\": {}}]"}}, {"model": "admin.logentry", "pk": 78, "fields": {"action_time": "2022-11-26T04:31:17.700Z", "user": 7, "content_type": 2, "object_id": "13", "object_repr": "ShopItem object (13)", "action_flag": 1, "change_message": "[{\"added\": {}}]"}}, {"model": "admin.logentry", "pk": 79, "fields": {"action_time": "2022-11-26T04:35:44.424Z", "user": 7, "content_type": 2, "object_id": "14", "object_repr": "ShopItem object (14)", "action_flag": 1, "change_message": "[{\"added\": {}}]"}}, {"model": "admin.logentry", "pk": 80, "fields": {"action_time": "2022-11-26T04:37:17.334Z", "user": 7, "content_type": 2, "object_id": "15", "object_repr": "ShopItem object (15)", "action_flag": 1, "change_message": "[{\"added\": {}}]"}}, {"model": "admin.logentry", "pk": 81, "fields": {"action_time": "2022-11-26T04:39:01.239Z", "user": 7, "content_type": 2, "object_id": "16", "object_repr": "ShopItem object (16)", "action_flag": 1, "change_message": "[{\"added\": {}}]"}}, {"model": "admin.logentry", "pk": 82, "fields": {"action_time": "2022-11-26T04:46:59.548Z", "user": 7, "content_type": 2, "object_id": "17", "object_repr": "ShopItem object (17)", "action_flag": 1, "change_message": "[{\"added\": {}}]"}}, {"model": "admin.logentry", "pk": 83, "fields": {"action_time": "2022-11-26T04:49:04.384Z", "user": 7, "content_type": 2, "object_id": "17", "object_repr": "ShopItem object (17)", "action_flag": 2, "change_message": "[{\"changed\": {\"fields\": [\"Image\"]}}]"}}, {"model": "admin.logentry", "pk": 84, "fields": {"action_time": "2022-11-26T05:09:50.745Z", "user": 7, "content_type": 2, "object_id": "18", "object_repr": "ShopItem object (18)", "action_flag": 1, "change_message": "[{\"added\": {}}]"}}, {"model": "admin.logentry", "pk": 85, "fields": {"action_time": "2022-11-26T05:12:55.643Z", "user": 7, "content_type": 2, "object_id": "19", "object_repr": "ShopItem object (19)", "action_flag": 1, "change_message": "[{\"added\": {}}]"}}, {"model": "admin.logentry", "pk": 86, "fields": {"action_time": "2022-11-26T05:13:50.912Z", "user": 7, "content_type": 2, "object_id": "20", "object_repr": "ShopItem object (20)", "action_flag": 1, "change_message": "[{\"added\": {}}]"}}, {"model": "admin.logentry", "pk": 87, "fields": {"action_time": "2022-11-26T05:15:41.111Z", "user": 7, "content_type": 2, "object_id": "21", "object_repr": "ShopItem object (21)", "action_flag": 1, "change_message": "[{\"added\": {}}]"}}, {"model": "admin.logentry", "pk": 88, "fields": {"action_time": "2022-11-26T05:17:14.256Z", "user": 7, "content_type": 2, "object_id": "22", "object_repr": "ShopItem object (22)", "action_flag": 1, "change_message": "[{\"added\": {}}]"}}, {"model": "admin.logentry", "pk": 89, "fields": {"action_time": "2022-11-26T05:20:05.245Z", "user": 7, "content_type": 2, "object_id": "23", "object_repr": "ShopItem object (23)", "action_flag": 1, "change_message": "[{\"added\": {}}]"}}, {"model": "admin.logentry", "pk": 90, "fields": {"action_time": "2022-11-26T05:20:53.761Z", "user": 7, "content_type": 2, "object_id": "24", "object_repr": "ShopItem object (24)", "action_flag": 1, "change_message": "[{\"added\": {}}]"}}, {"model": "admin.logentry", "pk": 91, "fields": {"action_time": "2022-11-26T05:21:48.848Z", "user": 7, "content_type": 2, "object_id": "25", "object_repr": "ShopItem object (25)", "action_flag": 1, "change_message": "[{\"added\": {}}]"}}, {"model": "admin.logentry", "pk": 92, "fields": {"action_time": "2022-11-26T05:23:39.602Z", "user": 7, "content_type": 2, "object_id": "26", "object_repr": "ShopItem object (26)", "action_flag": 1, "change_message": "[{\"added\": {}}]"}}, {"model": "admin.logentry", "pk": 93, "fields": {"action_time": "2022-11-26T05:24:37.725Z", "user": 7, "content_type": 2, "object_id": "27", "object_repr": "ShopItem object (27)", "action_flag": 1, "change_message": "[{\"added\": {}}]"}}, {"model": "admin.logentry", "pk": 94, "fields": {"action_time": "2022-11-26T05:25:20.339Z", "user": 7, "content_type": 2, "object_id": "28", "object_repr": "ShopItem object (28)", "action_flag": 1, "change_message": "[{\"added\": {}}]"}}, {"model": "admin.logentry", "pk": 95, "fields": {"action_time": "2022-11-26T05:26:16.604Z", "user": 7, "content_type": 2, "object_id": "29", "object_repr": "ShopItem object (29)", "action_flag": 1, "change_message": "[{\"added\": {}}]"}}, {"model": "admin.logentry", "pk": 96, "fields": {"action_time": "2022-11-26T05:29:53.612Z", "user": 7, "content_type": 2, "object_id": "30", "object_repr": "ShopItem object (30)", "action_flag": 1, "change_message": "[{\"added\": {}}]"}}, {"model": "admin.logentry", "pk": 97, "fields": {"action_time": "2022-11-26T05:42:35.010Z", "user": 7, "content_type": 5, "object_id": "1", "object_repr": "Review object (1)", "action_flag": 2, "change_message": "[{\"changed\": {\"fields\": [\"Image\"]}}]"}}, {"model": "admin.logentry", "pk": 98, "fields": {"action_time": "2022-11-26T05:44:21.178Z", "user": 7, "content_type": 5, "object_id": "6", "object_repr": "Review object (6)", "action_flag": 2, "change_message": "[{\"changed\": {\"fields\": [\"Image\"]}}]"}}, {"model": "admin.logentry", "pk": 99, "fields": {"action_time": "2022-11-26T05:46:13.334Z", "user": 7, "content_type": 5, "object_id": "3", "object_repr": "Review object (3)", "action_flag": 2, "change_message": "[{\"changed\": {\"fields\": [\"Image\"]}}]"}}, {"model": "admin.logentry", "pk": 100, "fields": {"action_time": "2022-11-26T05:47:31.724Z", "user": 7, "content_type": 5, "object_id": "7", "object_repr": "Review object (7)", "action_flag": 2, "change_message": "[{\"changed\": {\"fields\": [\"Image\"]}}]"}}, {"model": "admin.logentry", "pk": 101, "fields": {"action_time": "2022-11-26T05:50:35.869Z", "user": 7, "content_type": 5, "object_id": "2", "object_repr": "Review object (2)", "action_flag": 2, "change_message": "[{\"changed\": {\"fields\": [\"Image\"]}}]"}}, {"model": "admin.logentry", "pk": 102, "fields": {"action_time": "2022-11-26T05:50:47.674Z", "user": 7, "content_type": 5, "object_id": "4", "object_repr": "Review object (4)", "action_flag": 2, "change_message": "[{\"changed\": {\"fields\": [\"Image\"]}}]"}}, {"model": "admin.logentry", "pk": 103, "fields": {"action_time": "2022-11-26T05:51:01.424Z", "user": 7, "content_type": 5, "object_id": "5", "object_repr": "Review object (5)", "action_flag": 2, "change_message": "[{\"changed\": {\"fields\": [\"Image\"]}}]"}}, {"model": "admin.logentry", "pk": 104, "fields": {"action_time": "2022-11-26T05:59:38.910Z", "user": 7, "content_type": 1, "object_id": "12", "object_repr": "user5", "action_flag": 2, "change_message": "[{\"changed\": {\"fields\": [\"Username\", \"Nickname\", \"Height\", \"Weight\", \"Gender\"]}}]"}}, {"model": "admin.logentry", "pk": 105, "fields": {"action_time": "2022-11-26T06:00:36.393Z", "user": 7, "content_type": 1, "object_id": "13", "object_repr": "user6", "action_flag": 1, "change_message": "[{\"added\": {}}]"}}, {"model": "admin.logentry", "pk": 106, "fields": {"action_time": "2022-11-26T06:01:20.062Z", "user": 7, "content_type": 1, "object_id": "14", "object_repr": "user7", "action_flag": 1, "change_message": "[{\"added\": {}}]"}}, {"model": "admin.logentry", "pk": 107, "fields": {"action_time": "2022-11-26T06:01:45.142Z", "user": 7, "content_type": 1, "object_id": "15", "object_repr": "user8", "action_flag": 1, "change_message": "[{\"added\": {}}]"}}, {"model": "admin.logentry", "pk": 108, "fields": {"action_time": "2022-11-26T06:02:03.124Z", "user": 7, "content_type": 1, "object_id": "16", "object_repr": "user9", "action_flag": 1, "change_message": "[{\"added\": {}}]"}}, {"model": "admin.logentry", "pk": 109, "fields": {"action_time": "2022-11-26T06:02:32.574Z", "user": 7, "content_type": 5, "object_id": "8", "object_repr": "Review object (8)", "action_flag": 1, "change_message": "[{\"added\": {}}]"}}, {"model": "admin.logentry", "pk": 110, "fields": {"action_time": "2022-11-26T06:02:59.312Z", "user": 7, "content_type": 5, "object_id": "9", "object_repr": "Review object (9)", "action_flag": 1, "change_message": "[{\"added\": {}}]"}}, {"model": "admin.logentry", "pk": 111, "fields": {"action_time": "2022-11-26T06:03:32.388Z", "user": 7, "content_type": 5, "object_id": "10", "object_repr": "Review object (10)", "action_flag": 1, "change_message": "[{\"added\": {}}]"}}, {"model": "admin.logentry", "pk": 112, "fields": {"action_time": "2022-11-26T06:03:59.629Z", "user": 7, "content_type": 5, "object_id": "11", "object_repr": "Review object (11)", "action_flag": 1, "change_message": "[{\"added\": {}}]"}}, {"model": "admin.logentry", "pk": 113, "fields": {"action_time": "2022-11-26T06:05:19.614Z", "user": 7, "content_type": 5, "object_id": "12", "object_repr": "Review object (12)", "action_flag": 1, "change_message": "[{\"added\": {}}]"}}, {"model": "auth.permission", "pk": 1, "fields": {"name": "Can add user", "content_type": 1, "codename": "add_customuser"}}, {"model": "auth.permission", "pk": 2, "fields": {"name": "Can change user", "content_type": 1, "codename": "change_customuser"}}, {"model": "auth.permission", "pk": 3, "fields": {"name": "Can delete user", "content_type": 1, "codename": "delete_customuser"}}, {"model": "auth.permission", "pk": 4, "fields": {"name": "Can view user", "content_type": 1, "codename": "view_customuser"}}, {"model": "auth.permission", "pk": 5, "fields": {"name": "Can add shop item", "content_type": 2, "codename": "add_shopitem"}}, {"model": "auth.permission", "pk": 6, "fields": {"name": "Can change shop item", "content_type": 2, "codename": "change_shopitem"}}, {"model": "auth.permission", "pk": 7, "fields": {"name": "Can delete shop item", "content_type": 2, "codename": "delete_shopitem"}}, {"model": "auth.permission", "pk": 8, "fields": {"name": "Can view shop item", "content_type": 2, "codename": "view_shopitem"}}, {"model": "auth.permission", "pk": 9, "fields": {"name": "Can add user shop", "content_type": 3, "codename": "add_usershop"}}, {"model": "auth.permission", "pk": 10, "fields": {"name": "Can change user shop", "content_type": 3, "codename": "change_usershop"}}, {"model": "auth.permission", "pk": 11, "fields": {"name": "Can delete user shop", "content_type": 3, "codename": "delete_usershop"}}, {"model": "auth.permission", "pk": 12, "fields": {"name": "Can view user shop", "content_type": 3, "codename": "view_usershop"}}, {"model": "auth.permission", "pk": 13, "fields": {"name": "Can add shop item detail", "content_type": 4, "codename": "add_shopitemdetail"}}, {"model": "auth.permission", "pk": 14, "fields": {"name": "Can change shop item detail", "content_type": 4, "codename": "change_shopitemdetail"}}, {"model": "auth.permission", "pk": 15, "fields": {"name": "Can delete shop item detail", "content_type": 4, "codename": "delete_shopitemdetail"}}, {"model": "auth.permission", "pk": 16, "fields": {"name": "Can view shop item detail", "content_type": 4, "codename": "view_shopitemdetail"}}, {"model": "auth.permission", "pk": 17, "fields": {"name": "Can add review", "content_type": 5, "codename": "add_review"}}, {"model": "auth.permission", "pk": 18, "fields": {"name": "Can change review", "content_type": 5, "codename": "change_review"}}, {"model": "auth.permission", "pk": 19, "fields": {"name": "Can delete review", "content_type": 5, "codename": "delete_review"}}, {"model": "auth.permission", "pk": 20, "fields": {"name": "Can view review", "content_type": 5, "codename": "view_review"}}, {"model": "auth.permission", "pk": 21, "fields": {"name": "Can add comment", "content_type": 6, "codename": "add_comment"}}, {"model": "auth.permission", "pk": 22, "fields": {"name": "Can change comment", "content_type": 6, "codename": "change_comment"}}, {"model": "auth.permission", "pk": 23, "fields": {"name": "Can delete comment", "content_type": 6, "codename": "delete_comment"}}, {"model": "auth.permission", "pk": 24, "fields": {"name": "Can view comment", "content_type": 6, "codename": "view_comment"}}, {"model": "auth.permission", "pk": 25, "fields": {"name": "Can add permission", "content_type": 7, "codename": "add_permission"}}, {"model": "auth.permission", "pk": 26, "fields": {"name": "Can change permission", "content_type": 7, "codename": "change_permission"}}, {"model": "auth.permission", "pk": 27, "fields": {"name": "Can delete permission", "content_type": 7, "codename": "delete_permission"}}, {"model": "auth.permission", "pk": 28, "fields": {"name": "Can view permission", "content_type": 7, "codename": "view_permission"}}, {"model": "auth.permission", "pk": 29, "fields": {"name": "Can add group", "content_type": 8, "codename": "add_group"}}, {"model": "auth.permission", "pk": 30, "fields": {"name": "Can change group", "content_type": 8, "codename": "change_group"}}, {"model": "auth.permission", "pk": 31, "fields": {"name": "Can delete group", "content_type": 8, "codename": "delete_group"}}, {"model": "auth.permission", "pk": 32, "fields": {"name": "Can view group", "content_type": 8, "codename": "view_group"}}, {"model": "auth.permission", "pk": 33, "fields": {"name": "Can add content type", "content_type": 9, "codename": "add_contenttype"}}, {"model": "auth.permission", "pk": 34, "fields": {"name": "Can change content type", "content_type": 9, "codename": "change_contenttype"}}, {"model": "auth.permission", "pk": 35, "fields": {"name": "Can delete content type", "content_type": 9, "codename": "delete_contenttype"}}, {"model": "auth.permission", "pk": 36, "fields": {"name": "Can view content type", "content_type": 9, "codename": "view_contenttype"}}, {"model": "auth.permission", "pk": 37, "fields": {"name": "Can add log entry", "content_type": 10, "codename": "add_logentry"}}, {"model": "auth.permission", "pk": 38, "fields": {"name": "Can change log entry", "content_type": 10, "codename": "change_logentry"}}, {"model": "auth.permission", "pk": 39, "fields": {"name": "Can delete log entry", "content_type": 10, "codename": "delete_logentry"}}, {"model": "auth.permission", "pk": 40, "fields": {"name": "Can view log entry", "content_type": 10, "codename": "view_logentry"}}, {"model": "auth.permission", "pk": 41, "fields": {"name": "Can add session", "content_type": 11, "codename": "add_session"}}, {"model": "auth.permission", "pk": 42, "fields": {"name": "Can change session", "content_type": 11, "codename": "change_session"}}, {"model": "auth.permission", "pk": 43, "fields": {"name": "Can delete session", "content_type": 11, "codename": "delete_session"}}, {"model": "auth.permission", "pk": 44, "fields": {"name": "Can view session", "content_type": 11, "codename": "view_session"}}, {"model": "auth.permission", "pk": 45, "fields": {"name": "Can add user order", "content_type": 12, "codename": "add_userorder"}}, {"model": "auth.permission", "pk": 46, "fields": {"name": "Can change user order", "content_type": 12, "codename": "change_userorder"}}, {"model": "auth.permission", "pk": 47, "fields": {"name": "Can delete user order", "content_type": 12, "codename": "delete_userorder"}}, {"model": "auth.permission", "pk": 48, "fields": {"name": "Can view user order", "content_type": 12, "codename": "view_userorder"}}, {"model": "auth.permission", "pk": 49, "fields": {"name": "Can add tag", "content_type": 13, "codename": "add_tag"}}, {"model": "auth.permission", "pk": 50, "fields": {"name": "Can change tag", "content_type": 13, "codename": "change_tag"}}, {"model": "auth.permission", "pk": 51, "fields": {"name": "Can delete tag", "content_type": 13, "codename": "delete_tag"}}, {"model": "auth.permission", "pk": 52, "fields": {"name": "Can view tag", "content_type": 13, "codename": "view_tag"}}, {"model": "auth.permission", "pk": 53, "fields": {"name": "Can add tagged item", "content_type": 14, "codename": "add_taggeditem"}}, {"model": "auth.permission", "pk": 54, "fields": {"name": "Can change tagged item", "content_type": 14, "codename": "change_taggeditem"}}, {"model": "auth.permission", "pk": 55, "fields": {"name": "Can delete tagged item", "content_type": 14, "codename": "delete_taggeditem"}}, {"model": "auth.permission", "pk": 56, "fields": {"name": "Can view tagged item", "content_type": 14, "codename": "view_taggeditem"}}, {"model": "contenttypes.contenttype", "pk": 1, "fields": {"app_label": "bridgeUS", "model": "customuser"}}, {"model": "contenttypes.contenttype", "pk": 2, "fields": {"app_label": "bridgeUS", "model": "shopitem"}}, {"model": "contenttypes.contenttype", "pk": 3, "fields": {"app_label": "bridgeUS", "model": "usershop"}}, {"model": "contenttypes.contenttype", "pk": 4, "fields": {"app_label": "bridgeUS", "model": "shopitemdetail"}}, {"model": "contenttypes.contenttype", "pk": 5, "fields": {"app_label": "bridgeUS", "model": "review"}}, {"model": "contenttypes.contenttype", "pk": 6, "fields": {"app_label": "bridgeUS", "model": "comment"}}, {"model": "contenttypes.contenttype", "pk": 7, "fields": {"app_label": "auth", "model": "permission"}}, {"model": "contenttypes.contenttype", "pk": 8, "fields": {"app_label": "auth", "model": "group"}}, {"model": "contenttypes.contenttype", "pk": 9, "fields": {"app_label": "contenttypes", "model": "contenttype"}}, {"model": "contenttypes.contenttype", "pk": 10, "fields": {"app_label": "admin", "model": "logentry"}}, {"model": "contenttypes.contenttype", "pk": 11, "fields": {"app_label": "sessions", "model": "session"}}, {"model": "contenttypes.contenttype", "pk": 12, "fields": {"app_label": "bridgeUS", "model": "userorder"}}, {"model": "contenttypes.contenttype", "pk": 13, "fields": {"app_label": "taggit", "model": "tag"}}, {"model": "contenttypes.contenttype", "pk": 14, "fields": {"app_label": "taggit", "model": "taggeditem"}}, {"model": "sessions.session", "pk": "bs4yj52k9c1q0k9ljyfqdlj0p2crm8y9", "fields": {"session_data": ".eJxVjMsOwiAURP-FtSHyBpfu_QZyuRekamhS2pXx3y1JFzrLOWfmzSJsa41bz0uciF2YY6ffLgE-cxuAHtDuM8e5rcuU-FD4QTu_zZRf18P9O6jQ61iLkJJ3RlmLKiQEgTmj0LRHW0XSBCsFaSiAyhdxVrsgiyPjsZCW7PMFBCo4wQ:1osERi:lOTDWe5UNId6rxI3xPaA_hrrAuZxeBuRI65q9aC2ssc", "expire_date": "2022-11-22T02:34:38.114Z"}}, {"model": "sessions.session", "pk": "bvdi2qpvofp3t1aq2ixlkpr6stpr3r0r", "fields": {"session_data": ".eJxVjMsOwiAURP-FtSHyBpfu_QZyuRekamhS2pXx3y1JFzrLOWfmzSJsa41bz0uciF2YY6ffLgE-cxuAHtDuM8e5rcuU-FD4QTu_zZRf18P9O6jQ61iLkJJ3RlmLKiQEgTmj0LRHW0XSBCsFaSiAyhdxVrsgiyPjsZCW7PMFBCo4wQ:1os1rD:RvTUZyA733gwz3YjCQzTt6SQCPEF1ncuCkiHSHLdZL8", "expire_date": "2022-11-21T13:08:07.844Z"}}, {"model": "sessions.session", "pk": "mvtcgppkk30cprk2s2vprsfca1x1xlfs", "fields": {"session_data": ".eJxVjMsOwiAUBf-FtSG8Hy7d9xvIBS5SNZCUdmX8d9ukC93OzDlvEmBba9gGLmHO5Eo4J5dfGCE9sR0mP6DdO029rcsc6ZHQ0w469Yyv29n-HVQYdV_LCDwLXpJVXvMkeGLSyIisYJTMaCxKg3POg3cGVTHR28KyMBZ27pF8vgUSOBE:1os2Jv:mZBnm-nWs1ckZpyvzdFFQjr5sXWXgEv1pDYiVLl3RX0", "expire_date": "2022-11-21T13:37:47.027Z"}}, {"model": "sessions.session", "pk": "oxfnf7r0fq0dwq6fghhp4wtiiy28qi1n", "fields": {"session_data": ".eJxVjMsOwiAURP-FtSHyBpfu_QZyuRekamhS2pXx3y1JFzrLOWfmzSJsa41bz0uciF2YY6ffLgE-cxuAHtDuM8e5rcuU-FD4QTu_zZRf18P9O6jQ61iLkJJ3RlmLKiQEgTmj0LRHW0XSBCsFaSiAyhdxVrsgiyPjsZCW7PMFBCo4wQ:1orBbv:03DA0nyi72r2V6Aast8L2vkxiXStzsL04YcacMBufmA", "expire_date": "2022-11-19T05:20:51.501Z"}}, {"model": "sessions.session", "pk": "pqbdn2ktzk81nlfpawi8zngtavqx1wkg", "fields": {"session_data": ".eJxVjEEOwiAQRe_C2pAWnA64dN8zkGEGpGpoUtqV8e7apAvd_vfef6lA21rC1tISJlEXBer0u0XiR6o7kDvV26x5rusyRb0r-qBNj7Ok5_Vw_w4KtfKtrRfI7swD-D6zIMaEnR8isMlkone9JXHJGIQueUZBi-wtZnBGGFi9P-jzN_0:1or9J9:EJSZ6ZZc5FyGG9lmgTRxensa1VEkHp6YFez4EoOWlNc", "expire_date": "2022-11-19T02:53:19.058Z"}}, {"model": "sessions.session", "pk": "r2wqk8y3bytzby1z5de1oic9d4qxvv7n", "fields": {"session_data": ".eJxVjMsOwiAQRf-FtSEMMEVcuu83kBkeUjU0Ke3K-O_apAvd3nPOfYlA21rD1vMSpiQu4ixOvxtTfOS2g3SndptlnNu6TCx3RR60y3FO-Xk93L-DSr1-a0CEODAaT5BtUuhw8KghOUqetPLFFDZQGNCZqNgWyJgNO0VWQ0Tx_gDK7Tdg:1owJ1J:IIgoVG2KKnmaA1ifj41Bx-dEujhTt42Z-BsVWRSvgeI", "expire_date": "2022-12-03T08:16:13.447Z"}}, {"model": "sessions.session", "pk": "t8xmjjfx3tunnfdethzaoaj1ikw87vx6", "fields": {"session_data": ".eJxVjMsOwiAQRf-FtSEMMEVcuu83kBkeUjU0Ke3K-O_apAvd3nPOfYlA21rD1vMSpiQu4ixOvxtTfOS2g3SndptlnNu6TCx3RR60y3FO-Xk93L-DSr1-a0CEODAaT5BtUuhw8KghOUqetPLFFDZQGNCZqNgWyJgNO0VWQ0Tx_gDK7Tdg:1oyoNG:NRq85sv34AeCOo1nzN6RtkIP2l_WbyZdCcUfhKuQH8E", "expire_date": "2022-12-10T06:09:14.922Z"}}, {"model": "sessions.session", "pk": "wbjrt6ltnrq1mi8y24ilztfn5eu78vw1", "fields": {"session_data": ".eJxVjMsOwiAQRf-FtSEMMEVcuu83kBkeUjU0Ke3K-O_apAvd3nPOfYlA21rD1vMSpiQu4ixOvxtTfOS2g3SndptlnNu6TCx3RR60y3FO-Xk93L-DSr1-a0CEODAaT5BtUuhw8KghOUqetPLFFDZQGNCZqNgWyJgNO0VWQ0Tx_gDK7Tdg:1p2Ufa:Ror3wO4XWKLJtnDJDtdP74NCAA8jgETe2rRYoJ0ykBw", "expire_date": "2022-12-20T09:55:22.302Z"}}, {"model": "sessions.session", "pk": "y9y2xx3bwsg5spp9mb5om8ai8rc3k0y2", "fields": {"session_data": ".eJxVjMsOwiAURP-FtSHyBpfu_QZyuRekamhS2pXx3y1JFzrLOWfmzSJsa41bz0uciF2YY6ffLgE-cxuAHtDuM8e5rcuU-FD4QTu_zZRf18P9O6jQ61iLkJJ3RlmLKiQEgTmj0LRHW0XSBCsFaSiAyhdxVrsgiyPjsZCW7PMFBCo4wQ:1osnV4:Ys5bQjYmi5OGvl5Vy7gR1ROFgOcdkJJoJnVU3sgDEFQ", "expire_date": "2022-11-23T16:00:26.726Z"}}, {"model": "sessions.session", "pk": "zt2l4dbapbr1cbaezbhjnfsz7q3b4uf9", "fields": {"session_data": ".eJxVjMsOwiAURP-FtSHyBpfu_QZyuRekamhS2pXx3y1JFzrLOWfmzSJsa41bz0uciF2YY6ffLgE-cxuAHtDuM8e5rcuU-FD4QTu_zZRf18P9O6jQ61iLkJJ3RlmLKiQEgTmj0LRHW0XSBCsFaSiAyhdxVrsgiyPjsZCW7PMFBCo4wQ:1osbPa:4sTYv0L4MPjWoK7pc3Iik53NS1Qap_LyOq32HlXcaFk", "expire_date": "2022-11-23T03:05:58.652Z"}}, {"model": "taggit.tag", "pk": 1, "fields": {"name": "bts", "slug": "bts"}}, {"model": "taggit.tag", "pk": 2, "fields": {"name": "blue", "slug": "blue"}}, {"model": "taggit.tag", "pk": 3, "fields": {"name": "suga", "slug": "suga"}}, {"model": "taggit.tag", "pk": 4, "fields": {"name": "beige", "slug": "beige"}}, {"model": "taggit.tag", "pk": 5, "fields": {"name": "jisoo", "slug": "jisoo"}}, {"model": "taggit.tag", "pk": 6, "fields": {"name": "blackpink", "slug": "blackpink"}}, {"model": "taggit.tag", "pk": 7, "fields": {"name": "aespa", "slug": "aespa"}}, {"model": "taggit.tag", "pk": 8, "fields": {"name": "karina", "slug": "karina"}}, {"model": "taggit.tag", "pk": 9, "fields": {"name": "black", "slug": "black"}}, {"model": "taggit.tag", "pk": 10, "fields": {"name": "winter", "slug": "winter"}}, {"model": "taggit.tag", "pk": 11, "fields": {"name": "white", "slug": "white"}}, {"model": "taggit.tag", "pk": 12, "fields": {"name": "(g)i-dle", "slug": "gi-dle"}}, {"model": "taggit.tag", "pk": 13, "fields": {"name": "minnie", "slug": "minnie"}}, {"model": "taggit.tag", "pk": 14, "fields": {"name": "yuqi", "slug": "yuqi"}}, {"model": "taggit.tag", "pk": 15, "fields": {"name": "giselle", "slug": "giselle"}}, {"model": "taggit.tag", "pk": 16, "fields": {"name": "jennie", "slug": "jennie"}}, {"model": "taggit.tag", "pk": 17, "fields": {"name": "plackpink", "slug": "plackpink"}}, {"model": "taggit.tag", "pk": 18, "fields": {"name": "newjeans", "slug": "newjeans"}}, {"model": "taggit.tag", "pk": 19, "fields": {"name": "haerin", "slug": "haerin"}}, {"model": "taggit.tag", "pk": 20, "fields": {"name": "grey", "slug": "grey"}}, {"model": "taggit.tag", "pk": 21, "fields": {"name": "j-hope", "slug": "j-hope"}}, {"model": "taggit.tag", "pk": 22, "fields": {"name": "jin", "slug": "jin"}}, {"model": "taggit.tag", "pk": 23, "fields": {"name": "yellow", "slug": "yellow"}}, {"model": "taggit.tag", "pk": 24, "fields": {"name": "jimin", "slug": "jimin"}}, {"model": "taggit.tag", "pk": 25, "fields": {"name": "stray kids", "slug": "stray-kids"}}, {"model": "taggit.tag", "pk": 26, "fields": {"name": "seungmin", "slug": "seungmin"}}, {"model": "taggit.tag", "pk": 27, "fields": {"name": "pink", "slug": "pink"}}, {"model": "taggit.tag", "pk": 28, "fields": {"name": "itzy", "slug": "itzy"}}, {"model": "taggit.tag", "pk": 29, "fields": {"name": "yuna", "slug": "yuna"}}, {"model": "taggit.tag", "pk": 30, "fields": {"name": "lia", "slug": "lia"}}, {"model": "taggit.tag", "pk": 31, "fields": {"name": "lilac", "slug": "lilac"}}, {"model": "taggit.tag", "pk": 32, "fields": {"name": "ningnig", "slug": "ningnig"}}, {"model": "taggit.taggeditem", "pk": 1, "fields": {"tag": 1, "content_type": 2, "object_id": 1}}, {"model": "taggit.taggeditem", "pk": 2, "fields": {"tag": 2, "content_type": 2, "object_id": 1}}, {"model": "taggit.taggeditem", "pk": 3, "fields": {"tag": 3, "content_type": 2, "object_id": 1}}, {"model": "taggit.taggeditem", "pk": 4, "fields": {"tag": 4, "content_type": 2, "object_id": 2}}, {"model": "taggit.taggeditem", "pk": 5, "fields": {"tag": 5, "content_type": 2, "object_id": 2}}, {"model": "taggit.taggeditem", "pk": 6, "fields": {"tag": 6, "content_type": 2, "object_id": 2}}, {"model": "taggit.taggeditem", "pk": 7, "fields": {"tag": 8, "content_type": 2, "object_id": 3}}, {"model": "taggit.taggeditem", "pk": 8, "fields": {"tag": 9, "content_type": 2, "object_id": 3}}, {"model": "taggit.taggeditem", "pk": 9, "fields": {"tag": 7, "content_type": 2, "object_id": 3}}, {"model": "taggit.taggeditem", "pk": 10, "fields": {"tag": 10, "content_type": 2, "object_id": 4}}, {"model": "taggit.taggeditem", "pk": 11, "fields": {"tag": 11, "content_type": 2, "object_id": 4}}, {"model": "taggit.taggeditem", "pk": 12, "fields": {"tag": 7, "content_type": 2, "object_id": 4}}, {"model": "taggit.taggeditem", "pk": 13, "fields": {"tag": 9, "content_type": 2, "object_id": 5}}, {"model": "taggit.taggeditem", "pk": 14, "fields": {"tag": 12, "content_type": 2, "object_id": 5}}, {"model": "taggit.taggeditem", "pk": 15, "fields": {"tag": 13, "content_type": 2, "object_id": 5}}, {"model": "taggit.taggeditem", "pk": 16, "fields": {"tag": 2, "content_type": 2, "object_id": 6}}, {"model": "taggit.taggeditem", "pk": 17, "fields": {"tag": 12, "content_type": 2, "object_id": 6}}, {"model": "taggit.taggeditem", "pk": 18, "fields": {"tag": 14, "content_type": 2, "object_id": 6}}, {"model": "taggit.taggeditem", "pk": 19, "fields": {"tag": 9, "content_type": 2, "object_id": 7}}, {"model": "taggit.taggeditem", "pk": 20, "fields": {"tag": 7, "content_type": 2, "object_id": 7}}, {"model": "taggit.taggeditem", "pk": 21, "fields": {"tag": 15, "content_type": 2, "object_id": 7}}, {"model": "taggit.taggeditem", "pk": 22, "fields": {"tag": 9, "content_type": 2, "object_id": 8}}, {"model": "taggit.taggeditem", "pk": 23, "fields": {"tag": 12, "content_type": 2, "object_id": 8}}, {"model": "taggit.taggeditem", "pk": 24, "fields": {"tag": 14, "content_type": 2, "object_id": 8}}, {"model": "taggit.taggeditem", "pk": 25, "fields": {"tag": 16, "content_type": 2, "object_id": 9}}, {"model": "taggit.taggeditem", "pk": 26, "fields": {"tag": 17, "content_type": 2, "object_id": 9}}, {"model": "taggit.taggeditem", "pk": 27, "fields": {"tag": 11, "content_type": 2, "object_id": 9}}, {"model": "taggit.taggeditem", "pk": 28, "fields": {"tag": 9, "content_type": 2, "object_id": 10}}, {"model": "taggit.taggeditem", "pk": 29, "fields": {"tag": 12, "content_type": 2, "object_id": 10}}, {"model": "taggit.taggeditem", "pk": 30, "fields": {"tag": 13, "content_type": 2, "object_id": 10}}, {"model": "taggit.taggeditem", "pk": 31, "fields": {"tag": 9, "content_type": 2, "object_id": 11}}, {"model": "taggit.taggeditem", "pk": 32, "fields": {"tag": 12, "content_type": 2, "object_id": 11}}, {"model": "taggit.taggeditem", "pk": 33, "fields": {"tag": 14, "content_type": 2, "object_id": 11}}, {"model": "taggit.taggeditem", "pk": 34, "fields": {"tag": 9, "content_type": 2, "object_id": 12}}, {"model": "taggit.taggeditem", "pk": 35, "fields": {"tag": 12, "content_type": 2, "object_id": 12}}, {"model": "taggit.taggeditem", "pk": 36, "fields": {"tag": 14, "content_type": 2, "object_id": 12}}, {"model": "taggit.taggeditem", "pk": 37, "fields": {"tag": 11, "content_type": 2, "object_id": 13}}, {"model": "taggit.taggeditem", "pk": 38, "fields": {"tag": 18, "content_type": 2, "object_id": 13}}, {"model": "taggit.taggeditem", "pk": 39, "fields": {"tag": 19, "content_type": 2, "object_id": 13}}, {"model": "taggit.taggeditem", "pk": 40, "fields": {"tag": 1, "content_type": 2, "object_id": 14}}, {"model": "taggit.taggeditem", "pk": 41, "fields": {"tag": 20, "content_type": 2, "object_id": 14}}, {"model": "taggit.taggeditem", "pk": 42, "fields": {"tag": 21, "content_type": 2, "object_id": 14}}, {"model": "taggit.taggeditem", "pk": 43, "fields": {"tag": 9, "content_type": 2, "object_id": 15}}, {"model": "taggit.taggeditem", "pk": 44, "fields": {"tag": 21, "content_type": 2, "object_id": 15}}, {"model": "taggit.taggeditem", "pk": 45, "fields": {"tag": 1, "content_type": 2, "object_id": 15}}, {"model": "taggit.taggeditem", "pk": 46, "fields": {"tag": 1, "content_type": 2, "object_id": 16}}, {"model": "taggit.taggeditem", "pk": 47, "fields": {"tag": 11, "content_type": 2, "object_id": 16}}, {"model": "taggit.taggeditem", "pk": 48, "fields": {"tag": 22, "content_type": 2, "object_id": 16}}, {"model": "taggit.taggeditem", "pk": 49, "fields": {"tag": 24, "content_type": 2, "object_id": 17}}, {"model": "taggit.taggeditem", "pk": 50, "fields": {"tag": 1, "content_type": 2, "object_id": 17}}, {"model": "taggit.taggeditem", "pk": 51, "fields": {"tag": 23, "content_type": 2, "object_id": 17}}, {"model": "taggit.taggeditem", "pk": 52, "fields": {"tag": 25, "content_type": 2, "object_id": 18}}, {"model": "taggit.taggeditem", "pk": 53, "fields": {"tag": 26, "content_type": 2, "object_id": 18}}, {"model": "taggit.taggeditem", "pk": 54, "fields": {"tag": 20, "content_type": 2, "object_id": 18}}, {"model": "taggit.taggeditem", "pk": 55, "fields": {"tag": 25, "content_type": 2, "object_id": 19}}, {"model": "taggit.taggeditem", "pk": 56, "fields": {"tag": 26, "content_type": 2, "object_id": 19}}, {"model": "taggit.taggeditem", "pk": 57, "fields": {"tag": 11, "content_type": 2, "object_id": 19}}, {"model": "taggit.taggeditem", "pk": 58, "fields": {"tag": 16, "content_type": 2, "object_id": 20}}, {"model": "taggit.taggeditem", "pk": 59, "fields": {"tag": 9, "content_type": 2, "object_id": 20}}, {"model": "taggit.taggeditem", "pk": 60, "fields": {"tag": 6, "content_type": 2, "object_id": 20}}, {"model": "taggit.taggeditem", "pk": 61, "fields": {"tag": 27, "content_type": 2, "object_id": 21}}, {"model": "taggit.taggeditem", "pk": 62, "fields": {"tag": 28, "content_type": 2, "object_id": 21}}, {"model": "taggit.taggeditem", "pk": 63, "fields": {"tag": 29, "content_type": 2, "object_id": 21}}, {"model": "taggit.taggeditem", "pk": 64, "fields": {"tag": 28, "content_type": 2, "object_id": 22}}, {"model": "taggit.taggeditem", "pk": 65, "fields": {"tag": 30, "content_type": 2, "object_id": 22}}, {"model": "taggit.taggeditem", "pk": 66, "fields": {"tag": 31, "content_type": 2, "object_id": 22}}, {"model": "taggit.taggeditem", "pk": 67, "fields": {"tag": 20, "content_type": 2, "object_id": 23}}, {"model": "taggit.taggeditem", "pk": 68, "fields": {"tag": 28, "content_type": 2, "object_id": 23}}, {"model": "taggit.taggeditem", "pk": 69, "fields": {"tag": 30, "content_type": 2, "object_id": 23}}, {"model": "taggit.taggeditem", "pk": 70, "fields": {"tag": 27, "content_type": 2, "object_id": 24}}, {"model": "taggit.taggeditem", "pk": 71, "fields": {"tag": 28, "content_type": 2, "object_id": 24}}, {"model": "taggit.taggeditem", "pk": 72, "fields": {"tag": 30, "content_type": 2, "object_id": 24}}, {"model": "taggit.taggeditem", "pk": 73, "fields": {"tag": 9, "content_type": 2, "object_id": 25}}, {"model": "taggit.taggeditem", "pk": 74, "fields": {"tag": 10, "content_type": 2, "object_id": 25}}, {"model": "taggit.taggeditem", "pk": 75, "fields": {"tag": 7, "content_type": 2, "object_id": 25}}, {"model": "taggit.taggeditem", "pk": 76, "fields": {"tag": 8, "content_type": 2, "object_id": 26}}, {"model": "taggit.taggeditem", "pk": 77, "fields": {"tag": 11, "content_type": 2, "object_id": 26}}, {"model": "taggit.taggeditem", "pk": 78, "fields": {"tag": 7, "content_type": 2, "object_id": 26}}, {"model": "taggit.taggeditem", "pk": 79, "fields": {"tag": 8, "content_type": 2, "object_id": 27}}, {"model": "taggit.taggeditem", "pk": 80, "fields": {"tag": 2, "content_type": 2, "object_id": 27}}, {"model": "taggit.taggeditem", "pk": 81, "fields": {"tag": 7, "content_type": 2, "object_id": 27}}, {"model": "taggit.taggeditem", "pk": 82, "fields": {"tag": 32, "content_type": 2, "object_id": 28}}, {"model": "taggit.taggeditem", "pk": 83, "fields": {"tag": 7, "content_type": 2, "object_id": 28}}, {"model": "taggit.taggeditem", "pk": 84, "fields": {"tag": 23, "content_type": 2, "object_id": 28}}, {"model": "taggit.taggeditem", "pk": 85, "fields": {"tag": 32, "content_type": 2, "object_id": 29}}, {"model": "taggit.taggeditem", "pk": 86, "fields": {"tag": 2, "content_type": 2, "object_id": 29}}, {"model": "taggit.taggeditem", "pk": 87, "fields": {"tag": 7, "content_type": 2, "object_id": 29}}, {"model": "taggit.taggeditem", "pk": 88, "fields": {"tag": 9, "content_type": 2, "object_id": 30}}, {"model": "taggit.taggeditem", "pk": 89, "fields": {"tag": 7, "content_type": 2, "object_id": 30}}, {"model": "taggit.taggeditem", "pk": 90, "fields": {"tag": 15, "content_type": 2, "object_id": 30}}]